{
  "epoch": [
    1,
    2,
    3,
    4,
    5,
    6,
    7,
    8,
    9,
    10,
    11,
    12,
    13,
    14,
    15,
    16,
    17,
    18,
    19,
    20,
    21,
    22,
    23,
    24,
    25,
    26,
    27,
    28,
    29,
    30,
    31,
    32,
    33,
    34,
    35,
    36,
    37,
    38,
    39,
    40,
    41,
    42,
    43,
    44,
    45,
    46,
    47,
    48,
    49,
    50,
    51,
    52,
    53,
    54,
    55,
    56,
    57,
    58,
    59,
    60,
    61,
    62,
    63,
    64,
    65,
    66,
    67,
    68,
    69,
    70,
    71,
    72,
    73,
    74,
    75,
    76,
    77,
    78,
    79,
    80,
    81,
    82,
    83,
    84,
    85,
    86,
    87,
    88,
    89,
    90,
    91,
    92,
    93,
    94,
    95,
    96,
    97,
    98,
    99,
    100,
    101,
    102,
    103,
    104,
    105,
    106,
    107,
    108,
    109,
    110,
    111,
    112,
    113,
    114,
    115,
    116,
    117,
    118,
    119,
    120,
    121,
    122,
    123,
    124,
    125,
    126,
    127,
    128,
    129,
    130,
    131,
    132,
    133,
    134,
    135,
    136,
    137,
    138,
    139,
    140,
    141,
    142,
    143,
    144,
    145,
    146,
    147,
    148,
    149,
    150,
    151,
    152,
    153,
    154,
    155,
    156,
    157,
    158,
    159,
    160,
    161,
    162,
    163,
    164,
    165,
    166,
    167,
    168,
    169,
    170,
    171,
    172,
    173,
    174,
    175,
    176,
    177,
    178,
    179,
    180,
    181,
    182,
    183,
    184,
    185,
    186,
    187,
    188,
    189,
    190,
    191,
    192,
    193,
    194,
    195,
    196,
    197,
    198,
    199,
    200
  ],
  "train_total_loss": [
    0.41253463828922243,
    0.39206695463304747,
    0.38782236649410623,
    0.38516636482051786,
    0.383729466329418,
    0.38283222954950735,
    0.38188181085549355,
    0.38018491247307074,
    0.38030731865033,
    0.37901160263873607,
    0.37831821709260205,
    0.3785450436830422,
    0.3785272706340745,
    0.37749719241652613,
    0.3776450386366748,
    0.37587321893984155,
    0.37755261979288773,
    0.3753182534481739,
    0.3762301794340627,
    0.37627116659463444,
    0.37510492633239023,
    0.37488147866280025,
    0.374801763573599,
    0.37517480399953357,
    0.3756096287536007,
    0.3742062761020993,
    0.3745844642659391,
    0.37398015974486953,
    0.3741534207755212,
    0.37356753898894035,
    0.37315024025282567,
    0.3740464928675253,
    0.37292163019335833,
    0.3728749462192746,
    0.37222309007026455,
    0.37271400614811273,
    0.37298475435275613,
    0.37211217222688947,
    0.3729679896702885,
    0.3708538421694567,
    0.3721143508685831,
    0.37168095036896454,
    0.37177682421995395,
    0.3717432538453466,
    0.37168840836712225,
    0.3715572412333956,
    0.37094239215827446,
    0.3704112621864824,
    0.3700695243550553,
    0.37039570767061086,
    0.37016867424081784,
    0.36968546625373566,
    0.36969383652734467,
    0.3693093669222213,
    0.3698659462687296,
    0.3694478643847112,
    0.36856821878352414,
    0.3690874238093962,
    0.3692463889250496,
    0.36944911238227635,
    0.3687529755805899,
    0.36905424063780384,
    0.3689816471818617,
    0.3682009995332362,
    0.3690110984222197,
    0.36856779480088947,
    0.3678005631793611,
    0.36824272727526747,
    0.36818308858578985,
    0.36764551099258375,
    0.36726276207313974,
    0.3680076211284099,
    0.3666111848029319,
    0.36740019540094154,
    0.36752492069303444,
    0.36678003402091025,
    0.36640275957922785,
    0.3664238360174256,
    0.36671227398285283,
    0.36680810284066523,
    0.36584511702346556,
    0.36582021740060083,
    0.36483594576376854,
    0.36553193308452214,
    0.36592551490160646,
    0.36539486332022253,
    0.3660055982378339,
    0.366090324776946,
    0.364864279903088,
    0.3641375738689115,
    0.3649423007338716,
    0.36479985322476366,
    0.3644353972395381,
    0.3639025749614572,
    0.36447219504734124,
    0.36434562786324387,
    0.3646402299449932,
    0.36429757123360335,
    0.36448123012864475,
    0.3635819832047186,
    0.36300643991650555,
    0.3633490674290569,
    0.36331727083943904,
    0.363164004786164,
    0.3631045885019985,
    0.36250500429509935,
    0.36309942184508653,
    0.36263894668490737,
    0.3628652202479349,
    0.3619799650829114,
    0.3619101786102054,
    0.3622005535135003,
    0.3625898177299151,
    0.3620727603996095,
    0.3611818679270998,
    0.36134713650602107,
    0.36110878320039813,
    0.3610851447583513,
    0.3611826692455621,
    0.3603416662235065,
    0.36111225129751734,
    0.3605967829542042,
    0.3602833184079837,
    0.3605930510740405,
    0.36070158320038775,
    0.3596613440454158,
    0.360678442111782,
    0.36139642263158994,
    0.36002320500614304,
    0.35938155563039814,
    0.35909318549197833,
    0.35945564319300877,
    0.358385158821052,
    0.3594509468802477,
    0.3595655275431605,
    0.35889564024770204,
    0.3595015986101119,
    0.35828436223502447,
    0.3590030474283943,
    0.35874703340705655,
    0.35770145882277005,
    0.35741063832165976,
    0.35779405671647274,
    0.35716155993278403,
    0.3579407063900195,
    0.35771803096036275,
    0.357202295493285,
    0.3572568350499568,
    0.35669802801903344,
    0.3571909739999267,
    0.3563569541033268,
    0.3564627506607131,
    0.3564984672410349,
    0.35740127817526257,
    0.3562656656221979,
    0.35621481465016924,
    0.355540512190751,
    0.35641821454773487,
    0.3554678200506075,
    0.3547916269355904,
    0.3546294046830379,
    0.3556036808519916,
    0.35547396436915685,
    0.3550915031839768,
    0.35507578189890204,
    0.3553321554500471,
    0.3559331811820546,
    0.35438283076348587,
    0.3540044064810039,
    0.35441442027953063,
    0.3545044377531586,
    0.3539249561786483,
    0.3537895779325657,
    0.35386674421790054,
    0.35376352664532973,
    0.35378475533283776,
    0.3535645855031016,
    0.3540287851505384,
    0.35356777672902046,
    0.35328175825676245,
    0.3536623507176337,
    0.3529029395051553,
    0.3518273851793018,
    0.3517589552080012,
    0.35234165197285766,
    0.35199692195339394,
    0.35296327918054704,
    0.3517178200413796,
    0.3516548879619384,
    0.35173650137084683,
    0.35096929652262737,
    0.352273902756479,
    0.35129436895102467,
    0.3508349362575211,
    0.35062451267653816,
    0.34970487387409405,
    0.351220393107059,
    0.34997741490688783,
    0.34976492524111813,
    0.350484032745882
  ],