{
  "epoch": [
    1,
    2,
    3,
    4,
    5,
    6,
    7,
    8,
    9,
    10,
    11,
    12,
    13,
    14,
    15,
    16,
    17,
    18,
    19,
    20,
    21,
    22,
    23,
    24,
    25,
    26,
    27,
    28,
    29,
    30,
    31,
    32,
    33,
    34,
    35,
    36,
    37,
    38,
    39,
    40,
    41,
    42,
    43,
    44,
    45,
    46,
    47,
    48,
    49,
    50,
    51,
    52,
    53,
    54,
    55,
    56,
    57,
    58,
    59,
    60,
    61,
    62,
    63,
    64,
    65,
    66,
    67,
    68,
    69,
    70,
    71,
    72,
    73,
    74,
    75,
    76,
    77,
    78,
    79,
    80,
    81,
    82,
    83,
    84,
    85,
    86,
    87,
    88,
    89,
    90,
    91,
    92,
    93,
    94,
    95,
    96,
    97,
    98,
    99,
    100,
    101,
    102,
    103,
    104,
    105,
    106,
    107,
    108,
    109,
    110,
    111,
    112,
    113,
    114,
    115,
    116,
    117,
    118,
    119,
    120,
    121,
    122,
    123,
    124,
    125,
    126,
    127,
    128,
    129,
    130,
    131,
    132,
    133,
    134,
    135,
    136,
    137,
    138,
    139,
    140,
    141,
    142,
    143,
    144,
    145,
    146,
    147,
    148,
    149,
    150,
    151,
    152,
    153,
    154,
    155,
    156,
    157,
    158,
    159,
    160,
    161,
    162,
    163,
    164,
    165,
    166,
    167,
    168,
    169,
    170,
    171,
    172,
    173,
    174,
    175,
    176,
    177,
    178,
    179,
    180,
    181,
    182,
    183,
    184,
    185,
    186,
    187,
    188,
    189,
    190,
    191,
    192,
    193,
    194,
    195,
    196,
    197,
    198,
    199,
    200
  ],
  "train_total_loss": [
    4.806899220218037,
    4.795955130065339,
    4.793373217828123,
    4.791440730750585,
    4.790713241039309,
    4.789353945319664,
    4.788212285976999,
    4.787798406553277,
    4.787244128989306,
    4.786512968620919,
    4.7861782134667585,
    4.785441602240751,
    4.784905069003832,
    4.784789177526546,
    4.78432652226564,
    4.783812751585743,
    4.783680721313503,
    4.7828221327304865,
    4.782730621331579,
    4.783063993452289,
    4.782395234226596,
    4.782050440400612,
    4.782144283632688,
    4.782134702158744,
    4.782163433365624,
    4.781566805276847,
    4.781631411625858,
    4.7812218207639,
    4.7811690422192905,
    4.780820521748757,
    4.780216795061311,
    4.780438437879153,
    4.780039985854878,
    4.779710808776903,
    4.779934058563863,
    4.779899960550963,
    4.779771202726228,
    4.7800775693324145,
    4.77997283552905,
    4.778698520711682,
    4.778797639794844,
    4.778705176355878,
    4.779012737590878,
    4.778204024813667,
    4.778867610709813,
    4.778392141848558,
    4.778123069512522,
    4.778236807755726,
    4.777474336278133,
    4.778275028016419,
    4.777702371061028,
    4.777487490579097,
    4.777368800392009,
    4.777237417835551,
    4.77729530505788,
    4.777711997688405,
    4.7768230899206,
    4.777165699926511,
    4.777154675712331,
    4.776235292828943,
    4.776452264302251,
    4.77683496139915,
    4.777146881173169,
    4.776428421725831,
    4.776793601333563,
    4.776365582785031,
    4.775766388797833,
    4.776495753595228,
    4.77675525354436,
    4.776020319208372,
    4.775458727675832,
    4.776057188655865,
    4.775279868278127,
    4.7758294157487935,
    4.775772819463817,
    4.7750681507765655,
    4.775356311504493,
    4.775090321478449,
    4.775151810099144,
    4.774586351375831,
    4.774946996212315,
    4.774565037222596,
    4.7743180164002865,
    4.7744742759060355,
    4.775024532377174,
    4.773562929502497,
    4.7741666633609565,
    4.774584763158419,
    4.7736690254038985,
    4.774020881353594,
    4.773634359190342,
    4.773788375732768,
    4.773798302683306,
    4.772958016427972,
    4.773427884840609,
    4.773756001073545,
    4.7736313044795935,
    4.773021744348997,
    4.772859209121869,
    4.772567441684236,
    4.772577546811207,
    4.7724580338877125,
    4.7732300008011785,
    4.772589659032927,
    4.772727579102057,
    4.7725445446953705,
    4.772828217270681,
    4.772558383440666,
    4.7723300708479295,
    4.7717427768683605,
    4.772028292675838,
    4.771983268123876,
    4.771661842065888,
    4.771595483749589,
    4.771072064562976,
    4.771775354710988,
    4.7714386255699,
    4.7714052854302516,
    4.77120122018875,
    4.771163839908707,
    4.770964561804583,
    4.770581110962343,
    4.770748289906583,
    4.770967552229804,
    4.770874645780011,
    4.770877651899748,
    4.770034134151989,
    4.7704658760906415,
    4.770708116368961,
    4.770007862151814,
    4.7695680951731205,
    4.770191617421434,
    4.769701151689204,
    4.769446626479044,
    4.76984754575452,
    4.769461197033987,
    4.769156567193667,
    4.769403042314549,
    4.769074179479109,
    4.769661503805165,
    4.769038222553614,
    4.768685760843495,
    4.768637798613411,
    4.768550843217022,
    4.76860064591794,
    4.768401987479524,
    4.768363931588597,
    4.768349312231317,
    4.76780488227182,
    4.767782018038565,
    4.7677859437526955,
    4.76755645673396,
    4.7675530037572535,
    4.768043950694056,
    4.767591580089043,
    4.767097188910363,
    4.767282958206242,
    4.767664747909333,
    4.766534316781381,
    4.7666603121317666,
    4.7667002186372,
    4.766500753241425,
    4.7669850858695,
    4.766676984343032,
    4.766315732069601,
    4.766395834330118,
    4.766124982878382,
    4.765910829683712,
    4.765985841553297,
    4.766004182638263,
    4.766214928305516,
    4.765732292587126,
    4.76479177009212,
    4.765219801094827,
    4.765134874306228,
    4.765363577317665,
    4.765433863686774,
    4.765244590287258,
    4.764894831330614,
    4.7653414437669825,
    4.765039346266432,
    4.765581671033409,
    4.764618977399778,
    4.764583003737223,
    4.764880972946042,
    4.763776455943849,
    4.764686744291859,
    4.7634328388684555,
    4.763832626884897,
    4.763979361185909,
    4.763404339021848,
    4.764204947835608,
    4.76423791794252,
    4.763546967333121,
    4.763499274389376,
    4.763143469268306,
    4.763263380190078,
    4.762900479640238,
    4.762557289247176,
    4.7628904529858485
  ],